file;word
breve_Gøye,Birgitte-01.pdf;gøye
breve_Gøye,Birgitte-01.pdf;birgitte
breve_Gøye,Birgitte-01.pdf;breve
breve_Gøye,Birgitte-01.pdf;till
breve_Gøye,Birgitte-01.pdf;og
breve_Gøye,Birgitte-01.pdf;fra
breve_Gøye,Birgitte-01.pdf;herluf
breve_Gøye,Birgitte-01.pdf;trolle
breve_Gøye,Birgitte-01.pdf;og
breve_Gøye,Birgitte-01.pdf;birgitte
breve_Gøye,Birgitte-01.pdf;gjøe
breve_Gøye,Birgitte-01.pdf;bind
breve_Gøye,Birgitte-01.pdf;septembris
breve_Gøye,Birgitte-01.pdf;birgitte
breve_Gøye,Birgitte-01.pdf;gjøe
breve_Gøye,Birgitte-01.pdf;till
breve_Gøye,Birgitte-01.pdf;grethe
breve_Gøye,Birgitte-01.pdf;bryske
breve_Gøye,Birgitte-01.pdf;det
breve_Gøye,Birgitte-01.pdf;breve
breve_Gøye,Birgitte-01.pdf;som
breve_Gøye,Birgitte-01.pdf;grethe
breve_Gøye,Birgitte-01.pdf;bryske
breve_Gøye,Birgitte-01.pdf;har
breve_Gøye,Birgitte-01.pdf;tilskrevet
breve_Gøye,Birgitte-01.pdf;hende
breve_Gøye,Birgitte-01.pdf;om
breve_Gøye,Birgitte-01.pdf;en
breve_Gøye,Birgitte-01.pdf;vise
breve_Gøye,Birgitte-01.pdf;sag
breve_Gøye,Birgitte-01.pdf;vil
breve_Gøye,Birgitte-01.pdf;hun
breve_Gøye,Birgitte-01.pdf;vise
breve_Gøye,Birgitte-01.pdf;herluf
breve_Gøye,Birgitte-01.pdf;trolle
breve_Gøye,Birgitte-01.pdf;saa
breve_Gøye,Birgitte-01.pdf;snart
breve_Gøye,Birgitte-01.pdf;han
breve_Gøye,Birgitte-01.pdf;kommer
breve_Gøye,Birgitte-01.pdf;hiem
breve_Gøye,Birgitte-01.pdf;fra
breve_Gøye,Birgitte-01.pdf;skaane
breve_Gøye,Birgitte-01.pdf;hvorefter
breve_Gøye,Birgitte-01.pdf;han
breve_Gøye,Birgitte-01.pdf;selv
breve_Gøye,Birgitte-01.pdf;nok
breve_Gøye,Birgitte-01.pdf;vil
breve_Gøye,Birgitte-01.pdf;skriffue
breve_Gøye,Birgitte-01.pdf;till
breve_Gøye,Birgitte-01.pdf;peder
breve_Gøye,Birgitte-01.pdf;rud
breve_Gøye,Birgitte-01.pdf;om
breve_Gøye,Birgitte-01.pdf;sag
breve_Gøye,Birgitte-01.pdf;der
breve_Gøye,Birgitte-01.pdf;da
breve_Gøye,Birgitte-01.pdf;sikkert
breve_Gøye,Birgitte-01.pdf;vil
breve_Gøye,Birgitte-01.pdf;blive
breve_Gøye,Birgitte-01.pdf;ordnet
breve_Gøye,Birgitte-01.pdf;wenlige
breve_Gøye,Birgitte-01.pdf;helsse
breve_Gøye,Birgitte-01.pdf;forsende
breve_Gøye,Birgitte-01.pdf;mett
breve_Gøye,Birgitte-01.pdf;gud
breve_Gøye,Birgitte-01.pdf;kierre
breve_Gøye,Birgitte-01.pdf;grethe
breve_Gøye,Birgitte-01.pdf;nest
breve_Gøye,Birgitte-01.pdf;syskenn
breve_Gøye,Birgitte-01.pdf;barn
breve_Gøye,Birgitte-01.pdf;och
breve_Gøye,Birgitte-01.pdf;synderlig
breve_Gøye,Birgitte-01.pdf;gode
breve_Gøye,Birgitte-01.pdf;weenn
breve_Gøye,Birgitte-01.pdf;liest
breve_Gøye,Birgitte-01.pdf;wenlige
breve_Gøye,Birgitte-01.pdf;tacksielse
breve_Gøye,Birgitte-01.pdf;for
breve_Gøye,Birgitte-01.pdf;alt
breve_Gøye,Birgitte-01.pdf;gaatt
breve_Gøye,Birgitte-01.pdf;som
breve_Gøye,Birgitte-01.pdf;thw
breve_Gøye,Birgitte-01.pdf;mig
breve_Gøye,Birgitte-01.pdf;giord
breve_Gøye,Birgitte-01.pdf;och
breve_Gøye,Birgitte-01.pdf;beuist
breve_Gøye,Birgitte-01.pdf;haffuer
breve_Gøye,Birgitte-01.pdf;huilkit
breve_Gøye,Birgitte-01.pdf;ieg
breve_Gøye,Birgitte-01.pdf;forskylle
breve_Gøye,Birgitte-01.pdf;will
breve_Gøye,Birgitte-01.pdf;mett
breve_Gøye,Birgitte-01.pdf;huess
breve_Gøye,Birgitte-01.pdf;ieg
breve_Gøye,Birgitte-01.pdf;wed
breve_Gøye,Birgitte-01.pdf;tig
breve_Gøye,Birgitte-01.pdf;tell
breve_Gøye,Birgitte-01.pdf;will
breve_Gøye,Birgitte-01.pdf;were
breve_Gøye,Birgitte-01.pdf;ther
breve_Gøye,Birgitte-01.pdf;thw
breve_Gøye,Birgitte-01.pdf;kand
breve_Gøye,Birgitte-01.pdf;haffuer
breve_Gøye,Birgitte-01.pdf;gaatt
breve_Gøye,Birgitte-01.pdf;af
breve_Gøye,Birgitte-01.pdf;kierre
breve_Gøye,Birgitte-01.pdf;grethe
breve_Gøye,Birgitte-01.pdf;giffuer
breve_Gøye,Birgitte-01.pdf;ieg
breve_Gøye,Birgitte-01.pdf;tig
breve_Gøye,Birgitte-01.pdf;wenlige
breve_Gøye,Birgitte-01.pdf;tilkende
breve_Gøye,Birgitte-01.pdf;at
breve_Gøye,Birgitte-01.pdf;ieg
breve_Gøye,Birgitte-01.pdf;haffuer
breve_Gøye,Birgitte-01.pdf;s
breve_Gøye,Birgitte-01.pdf;lesd
breve_Gøye,Birgitte-01.pdf;thett
breve_Gøye,Birgitte-01.pdf;breff
breve_Gøye,Birgitte-01.pdf;som
breve_Gøye,Birgitte-01.pdf;peder
breve_Gøye,Birgitte-01.pdf;haffuer
breve_Gøye,Birgitte-01.pdf;skriffue
breve_Gøye,Birgitte-01.pdf;herloff
breve_Gøye,Birgitte-01.pdf;till
breve_Gøye,Birgitte-01.pdf;saa
breve_Gøye,Birgitte-01.pdf;er
breve_Gøye,Birgitte-01.pdf;nu
breve_Gøye,Birgitte-01.pdf;herloff
breve_Gøye,Birgitte-01.pdf;icke
breve_Gøye,Birgitte-01.pdf;hieme
breve_Gøye,Birgitte-01.pdf;han
breve_Gøye,Birgitte-01.pdf;er
breve_Gøye,Birgitte-01.pdf;y
breve_Gøye,Birgitte-01.pdf;skaane
breve_Gøye,Birgitte-01.pdf;at
breve_Gøye,Birgitte-01.pdf;vndfanghe
breve_Gøye,Birgitte-01.pdf;hertugindenn
breve_Gøye,Birgitte-01.pdf;af
breve_Gøye,Birgitte-01.pdf;saxen
breve_Gøye,Birgitte-01.pdf;nar
breve_Gøye,Birgitte-01.pdf;gud
breve_Gøye,Birgitte-01.pdf;vil
breve_Gøye,Birgitte-01.pdf;han
breve_Gøye,Birgitte-01.pdf;kommer
breve_Gøye,Birgitte-01.pdf;hiem
breve_Gøye,Birgitte-01.pdf;tha
breve_Gøye,Birgitte-01.pdf;vil
breve_Gøye,Birgitte-01.pdf;ieg
breve_Gøye,Birgitte-01.pdf;viisse
breve_Gøye,Birgitte-01.pdf;hanom
breve_Gøye,Birgitte-01.pdf;breffuitt
breve_Gøye,Birgitte-01.pdf;saa
breve_Gøye,Birgitte-01.pdf;tencker
breve_Gøye,Birgitte-01.pdf;han
breve_Gøye,Birgitte-01.pdf;vell
breve_Gøye,Birgitte-01.pdf;thell
breve_Gøye,Birgitte-01.pdf;mett
breve_Gøye,Birgitte-01.pdf;then
breve_Gøye,Birgitte-01.pdf;sagh
breve_Gøye,Birgitte-01.pdf;som
breve_Gøye,Birgitte-01.pdf;han
breve_Gøye,Birgitte-01.pdf;vil
breve_Gøye,Birgitte-01.pdf;forsuare
breve_Gøye,Birgitte-01.pdf;for
breve_Gøye,Birgitte-01.pdf;huer
breve_Gøye,Birgitte-01.pdf;mandtt
breve_Gøye,Birgitte-01.pdf;och
breve_Gøye,Birgitte-01.pdf;skall
breve_Gøye,Birgitte-01.pdf;herloff
breve_Gøye,Birgitte-01.pdf;selff
breve_Gøye,Birgitte-01.pdf;skriffue
breve_Gøye,Birgitte-01.pdf;peder
breve_Gøye,Birgitte-01.pdf;ther
breve_Gøye,Birgitte-01.pdf;till
breve_Gøye,Birgitte-01.pdf;om
breve_Gøye,Birgitte-01.pdf;saa
breve_Gøye,Birgitte-01.pdf;ieg
breve_Gøye,Birgitte-01.pdf;forseer
breve_Gøye,Birgitte-01.pdf;mig
breve_Gøye,Birgitte-01.pdf;till
breve_Gøye,Birgitte-01.pdf;at
breve_Gøye,Birgitte-01.pdf;thett
breve_Gøye,Birgitte-01.pdf;skall
breve_Gøye,Birgitte-01.pdf;well
breve_Gøye,Birgitte-01.pdf;gaa
breve_Gøye,Birgitte-01.pdf;ligelig
breve_Gøye,Birgitte-01.pdf;till
breve_Gøye,Birgitte-01.pdf;och
breve_Gøye,Birgitte-01.pdf;huess
breve_Gøye,Birgitte-01.pdf;ieg
breve_Gøye,Birgitte-01.pdf;y
breve_Gøye,Birgitte-01.pdf;nogen
breve_Gøye,Birgitte-01.pdf;mode
breve_Gøye,Birgitte-01.pdf;wed
breve_Gøye,Birgitte-01.pdf;tig
breve_Gøye,Birgitte-01.pdf;till
breve_Gøye,Birgitte-01.pdf;will
breve_Gøye,Birgitte-01.pdf;were
breve_Gøye,Birgitte-01.pdf;giøre
breve_Gøye,Birgitte-01.pdf;ieg
breve_Gøye,Birgitte-01.pdf;altiid
breve_Gøye,Birgitte-01.pdf;veluelligenn
breve_Gøye,Birgitte-01.pdf;och
breve_Gøye,Birgitte-01.pdf;gierne
breve_Gøye,Birgitte-01.pdf;giøre
breve_Gøye,Birgitte-01.pdf;well
breve_Gøye,Birgitte-01.pdf;och
breve_Gøye,Birgitte-01.pdf;helsse
breve_Gøye,Birgitte-01.pdf;peder
breve_Gøye,Birgitte-01.pdf;mett
breve_Gøye,Birgitte-01.pdf;mange
breve_Gøye,Birgitte-01.pdf;cm
breve_Gøye,Birgitte-01.pdf;godenetter
breve_Gøye,Birgitte-01.pdf;paa
breve_Gøye,Birgitte-01.pdf;myne
breve_Gøye,Birgitte-01.pdf;veghne
breve_Gøye,Birgitte-01.pdf;her
breve_Gøye,Birgitte-01.pdf;mett
breve_Gøye,Birgitte-01.pdf;tig
breve_Gøye,Birgitte-01.pdf;gud
breve_Gøye,Birgitte-01.pdf;almechtigste
breve_Gøye,Birgitte-01.pdf;befaler
breve_Gøye,Birgitte-01.pdf;dis
breve_Gøye,Birgitte-01.pdf;af
breve_Gøye,Birgitte-01.pdf;roske
breve_Gøye,Birgitte-01.pdf;gaard
breve_Gøye,Birgitte-01.pdf;then
breve_Gøye,Birgitte-01.pdf;dag
breve_Gøye,Birgitte-01.pdf;septembris
breve_Gøye,Birgitte-01.pdf;børgetthe
breve_Gøye,Birgitte-01.pdf;gøye
breve_Gøye,Birgitte-01.pdf;udskrift
breve_Gøye,Birgitte-01.pdf;erliigh
breve_Gøye,Birgitte-01.pdf;och
breve_Gøye,Birgitte-01.pdf;welbyrdiigh
breve_Gøye,Birgitte-01.pdf;quinde
breve_Gøye,Birgitte-01.pdf;frue
breve_Gøye,Birgitte-01.pdf;grethe
breve_Gøye,Birgitte-01.pdf;peder
breve_Gøye,Birgitte-01.pdf;rudtz
breve_Gøye,Birgitte-01.pdf;myne
breve_Gøye,Birgitte-01.pdf;kierre
breve_Gøye,Birgitte-01.pdf;nest
breve_Gøye,Birgitte-01.pdf;syskenn
breve_Gøye,Birgitte-01.pdf;barn
breve_Gøye,Birgitte-01.pdf;och
breve_Gøye,Birgitte-01.pdf;synderlig
breve_Gøye,Birgitte-01.pdf;gode
breve_Gøye,Birgitte-01.pdf;wen
breve_Gøye,Birgitte-01.pdf;wenlige
breve_Gøye,Birgitte-01.pdf;skriffue
breve_Gøye,Birgitte-01.pdf;orig
breve_Gøye,Birgitte-01.pdf;med
breve_Gøye,Birgitte-01.pdf;segl
breve_Gøye,Birgitte-01.pdf;i
breve_Gøye,Birgitte-01.pdf;rigsark
breve_Gøye,Birgitte-01.pdf;adelsbreve
breve_Gøye,Birgitte-01.pdf;xxii
breve_Gøye,Birgitte-01.pdf;af
breve_Gøye,Birgitte-01.pdf;sider
breve_Gøye,Birgitte-10.pdf;gøye
breve_Gøye,Birgitte-10.pdf;birgitte
breve_Gøye,Birgitte-10.pdf;breve
breve_Gøye,Birgitte-10.pdf;till
breve_Gøye,Birgitte-10.pdf;og
breve_Gøye,Birgitte-10.pdf;fra
breve_Gøye,Birgitte-10.pdf;herluf
breve_Gøye,Birgitte-10.pdf;trolle
breve_Gøye,Birgitte-10.pdf;og
breve_Gøye,Birgitte-10.pdf;birgitte
breve_Gøye,Birgitte-10.pdf;gjøe
breve_Gøye,Birgitte-10.pdf;bind
breve_Gøye,Birgitte-10.pdf;april
breve_Gøye,Birgitte-10.pdf;birgitte
breve_Gøye,Birgitte-10.pdf;gjøe
breve_Gøye,Birgitte-10.pdf;till
breve_Gøye,Birgitte-10.pdf;peder
breve_Gøye,Birgitte-10.pdf;oxe
breve_Gøye,Birgitte-10.pdf;da
breve_Gøye,Birgitte-10.pdf;ring
breve_Gøye,Birgitte-10.pdf;closter
breve_Gøye,Birgitte-10.pdf;er
breve_Gøye,Birgitte-10.pdf;blevet
breve_Gøye,Birgitte-10.pdf;hende
breve_Gøye,Birgitte-10.pdf;opsagt
breve_Gøye,Birgitte-10.pdf;till
breve_Gøye,Birgitte-10.pdf;maj
breve_Gøye,Birgitte-10.pdf;beder
breve_Gøye,Birgitte-10.pdf;hun
breve_Gøye,Birgitte-10.pdf;han
breve_Gøye,Birgitte-10.pdf;udvirke
breve_Gøye,Birgitte-10.pdf;konge
breve_Gøye,Birgitte-10.pdf;samtykke
breve_Gøye,Birgitte-10.pdf;till
breve_Gøye,Birgitte-10.pdf;at
breve_Gøye,Birgitte-10.pdf;hende
breve_Gøye,Birgitte-10.pdf;kvæg
breve_Gøye,Birgitte-10.pdf;og
breve_Gøye,Birgitte-10.pdf;svin
breve_Gøye,Birgitte-10.pdf;maa
breve_Gøye,Birgitte-10.pdf;blive
breve_Gøye,Birgitte-10.pdf;paa
breve_Gøye,Birgitte-10.pdf;klostret
breve_Gøye,Birgitte-10.pdf;sommer
breve_Gøye,Birgitte-10.pdf;over
breve_Gøye,Birgitte-10.pdf;da
breve_Gøye,Birgitte-10.pdf;det
breve_Gøye,Birgitte-10.pdf;vil
breve_Gøye,Birgitte-10.pdf;falde
breve_Gøye,Birgitte-10.pdf;hende
breve_Gøye,Birgitte-10.pdf;vanskeligt
breve_Gøye,Birgitte-10.pdf;at
breve_Gøye,Birgitte-10.pdf;anbringe
breve_Gøye,Birgitte-10.pdf;dem
breve_Gøye,Birgitte-10.pdf;andensteds
breve_Gøye,Birgitte-10.pdf;selv
breve_Gøye,Birgitte-10.pdf;vil
breve_Gøye,Birgitte-10.pdf;hun
breve_Gøye,Birgitte-10.pdf;drage
breve_Gøye,Birgitte-10.pdf;till
breve_Gøye,Birgitte-10.pdf;sin
breve_Gøye,Birgitte-10.pdf;gaard
breve_Gøye,Birgitte-10.pdf;i
breve_Gøye,Birgitte-10.pdf;kjøbenhavn
breve_Gøye,Birgitte-10.pdf;kierre
breve_Gøye,Birgitte-10.pdf;peder
breve_Gøye,Birgitte-10.pdf;kierre
breve_Gøye,Birgitte-10.pdf;søstersønn
breve_Gøye,Birgitte-10.pdf;och
breve_Gøye,Birgitte-10.pdf;besynderlige
breve_Gøye,Birgitte-10.pdf;gode
breve_Gøye,Birgitte-10.pdf;wen
breve_Gøye,Birgitte-10.pdf;gud
breve_Gøye,Birgitte-10.pdf;almechtigste
breve_Gøye,Birgitte-10.pdf;were
breve_Gøye,Birgitte-10.pdf;altiid
breve_Gøye,Birgitte-10.pdf;mett
breve_Gøye,Birgitte-10.pdf;theg
breve_Gøye,Birgitte-10.pdf;och
breve_Gøye,Birgitte-10.pdf;beware
breve_Gøye,Birgitte-10.pdf;deg
breve_Gøye,Birgitte-10.pdf;fra
breve_Gøye,Birgitte-10.pdf;ald
breve_Gøye,Birgitte-10.pdf;ondt
breve_Gøye,Birgitte-10.pdf;nest
breve_Gøye,Birgitte-10.pdf;all
breve_Gøye,Birgitte-10.pdf;tilbørlig
breve_Gøye,Birgitte-10.pdf;wenlige
breve_Gøye,Birgitte-10.pdf;tacksielse
breve_Gøye,Birgitte-10.pdf;giffuer
breve_Gøye,Birgitte-10.pdf;ieg
breve_Gøye,Birgitte-10.pdf;deg
breve_Gøye,Birgitte-10.pdf;wenlige
breve_Gøye,Birgitte-10.pdf;at
breve_Gøye,Birgitte-10.pdf;wijde
breve_Gøye,Birgitte-10.pdf;at
breve_Gøye,Birgitte-10.pdf;ieg
breve_Gøye,Birgitte-10.pdf;y
breve_Gøye,Birgitte-10.pdf;dag
breve_Gøye,Birgitte-10.pdf;haffuer
breve_Gøye,Birgitte-10.pdf;fangit
breve_Gøye,Birgitte-10.pdf;konge
breve_Gøye,Birgitte-10.pdf;maytt
breve_Gøye,Birgitte-10.pdf;wor
breve_Gøye,Birgitte-10.pdf;naadigste
breve_Gøye,Birgitte-10.pdf;herres
breve_Gøye,Birgitte-10.pdf;breff
breve_Gøye,Birgitte-10.pdf;liudendis
breve_Gøye,Birgitte-10.pdf;huorledis
breve_Gøye,Birgitte-10.pdf;han
breve_Gøye,Birgitte-10.pdf;maytt
breve_Gøye,Birgitte-10.pdf;agther
breve_Gøye,Birgitte-10.pdf;at
breve_Gøye,Birgitte-10.pdf;bruge
breve_Gøye,Birgitte-10.pdf;ringkloster
breve_Gøye,Birgitte-10.pdf;lehn
breve_Gøye,Birgitte-10.pdf;till
breve_Gøye,Birgitte-10.pdf;skanderborrig
breve_Gøye,Birgitte-10.pdf;mett
breve_Gøye,Birgitte-10.pdf;wijde
breve_Gøye,Birgitte-10.pdf;beskeed
breve_Gøye,Birgitte-10.pdf;som
breve_Gøye,Birgitte-10.pdf;dw
breve_Gøye,Birgitte-10.pdf;well
breve_Gøye,Birgitte-10.pdf;forfarer
breve_Gøye,Birgitte-10.pdf;breff
breve_Gøye,Birgitte-10.pdf;indhold
breve_Gøye,Birgitte-10.pdf;vdij
breve_Gøye,Birgitte-10.pdf;cantzeliett
breve_Gøye,Birgitte-10.pdf;och
breve_Gøye,Birgitte-10.pdf;ieg
breve_Gøye,Birgitte-10.pdf;for
breve_Gøye,Birgitte-10.pdf;saadant
breve_Gøye,Birgitte-10.pdf;orsage
breve_Gøye,Birgitte-10.pdf;skall
breve_Gøye,Birgitte-10.pdf;were
breve_Gøye,Birgitte-10.pdf;fortenckt
breve_Gøye,Birgitte-10.pdf;at
breve_Gøye,Birgitte-10.pdf;lade
breve_Gøye,Birgitte-10.pdf;anname
breve_Gøye,Birgitte-10.pdf;min
breve_Gøye,Birgitte-10.pdf;pendinge
breve_Gøye,Birgitte-10.pdf;som
breve_Gøye,Birgitte-10.pdf;closter
breve_Gøye,Birgitte-10.pdf;er
breve_Gøye,Birgitte-10.pdf;panthett
breve_Gøye,Birgitte-10.pdf;for
breve_Gøye,Birgitte-10.pdf;och
breve_Gøye,Birgitte-10.pdf;closter
breve_Gøye,Birgitte-10.pdf;andworde
breve_Gøye,Birgitte-10.pdf;fra
breve_Gøye,Birgitte-10.pdf;megh
breve_Gøye,Birgitte-10.pdf;nu
breve_Gøye,Birgitte-10.pdf;sanctorum
breve_Gøye,Birgitte-10.pdf;philippj
breve_Gøye,Birgitte-10.pdf;iacobj
breve_Gøye,Birgitte-10.pdf;etc
breve_Gøye,Birgitte-10.pdf;huor
breve_Gøye,Birgitte-10.pdf;epther
breve_Gøye,Birgitte-10.pdf;ieg
breve_Gøye,Birgitte-10.pdf;meg
breve_Gøye,Birgitte-10.pdf;och
breve_Gøye,Birgitte-10.pdf;vnderdanigst
breve_Gøye,Birgitte-10.pdf;retthe
breve_Gøye,Birgitte-10.pdf;will
breve_Gøye,Birgitte-10.pdf;mens
breve_Gøye,Birgitte-10.pdf;thw
breve_Gøye,Birgitte-10.pdf;tencker
breve_Gøye,Birgitte-10.pdf;well
breve_Gøye,Birgitte-10.pdf;sielff
breve_Gøye,Birgitte-10.pdf;huor
breve_Gøye,Birgitte-10.pdf;s
breve_Gøye,Birgitte-10.pdf;kort
breve_Gøye,Birgitte-10.pdf;then
breve_Gøye,Birgitte-10.pdf;tijd
breve_Gøye,Birgitte-10.pdf;will
breve_Gøye,Birgitte-10.pdf;meg
breve_Gøye,Birgitte-10.pdf;falde
breve_Gøye,Birgitte-10.pdf;bode
breve_Gøye,Birgitte-10.pdf;for
breve_Gøye,Birgitte-10.pdf;mit
breve_Gøye,Birgitte-10.pdf;queg
breve_Gøye,Birgitte-10.pdf;skijld
breve_Gøye,Birgitte-10.pdf;at
breve_Gøye,Birgitte-10.pdf;forsende
breve_Gøye,Birgitte-10.pdf;och
breve_Gøye,Birgitte-10.pdf;anden
breve_Gøye,Birgitte-10.pdf;leiligheedt
breve_Gøye,Birgitte-10.pdf;er
breve_Gøye,Birgitte-10.pdf;ther
breve_Gøye,Birgitte-10.pdf;forre
breve_Gøye,Birgitte-10.pdf;min
breve_Gøye,Birgitte-10.pdf;gantze
breve_Gøye,Birgitte-10.pdf;wenlige
breve_Gøye,Birgitte-10.pdf;bøn
breve_Gøye,Birgitte-10.pdf;till
breve_Gøye,Birgitte-10.pdf;deg
breve_Gøye,Birgitte-10.pdf;kierre
breve_Gøye,Birgitte-10.pdf;peder
breve_Gøye,Birgitte-10.pdf;atthw
breve_Gøye,Birgitte-10.pdf;wilt
breve_Gøye,Birgitte-10.pdf;well
breve_Gøye,Birgitte-10.pdf;giøre
breve_Gøye,Birgitte-10.pdf;som
breve_Gøye,Birgitte-10.pdf;min
breve_Gøye,Birgitte-10.pdf;tillforsicht
breve_Gøye,Birgitte-10.pdf;er
breve_Gøye,Birgitte-10.pdf;till
breve_Gøye,Birgitte-10.pdf;deg
breve_Gøye,Birgitte-10.pdf;och
breve_Gøye,Birgitte-10.pdf;tale
breve_Gøye,Birgitte-10.pdf;mett
breve_Gøye,Birgitte-10.pdf;konge
breve_Gøye,Birgitte-10.pdf;maytt
breve_Gøye,Birgitte-10.pdf;och
breve_Gøye,Birgitte-10.pdf;paa
breve_Gøye,Birgitte-10.pdf;min
breve_Gøye,Birgitte-10.pdf;wegne
breve_Gøye,Birgitte-10.pdf;vnderdanigst
breve_Gøye,Birgitte-10.pdf;beder
breve_Gøye,Birgitte-10.pdf;han
breve_Gøye,Birgitte-10.pdf;maytt
breve_Gøye,Birgitte-10.pdf;will
breve_Gøye,Birgitte-10.pdf;naadigste
breve_Gøye,Birgitte-10.pdf;vnde
breve_Gøye,Birgitte-10.pdf;meg
breve_Gøye,Birgitte-10.pdf;at
breve_Gøye,Birgitte-10.pdf;mit
breve_Gøye,Birgitte-10.pdf;queg
breve_Gøye,Birgitte-10.pdf;maa
breve_Gøye,Birgitte-10.pdf;her
breve_Gøye,Birgitte-10.pdf;bliffue
breve_Gøye,Birgitte-10.pdf;wed
breve_Gøye,Birgitte-10.pdf;stedet
breve_Gøye,Birgitte-10.pdf;till
breve_Gøye,Birgitte-10.pdf;sanctj
breve_Gøye,Birgitte-10.pdf;michilss
breve_Gøye,Birgitte-10.pdf;dag
breve_Gøye,Birgitte-10.pdf;och
breve_Gøye,Birgitte-10.pdf;min
breve_Gøye,Birgitte-10.pdf;suin
breve_Gøye,Birgitte-10.pdf;motte
breve_Gøye,Birgitte-10.pdf;bliffue
breve_Gøye,Birgitte-10.pdf;her
breve_Gøye,Birgitte-10.pdf;paa
breve_Gøye,Birgitte-10.pdf;skouffuen
breve_Gøye,Birgitte-10.pdf;paa
breve_Gøye,Birgitte-10.pdf;olden
breve_Gøye,Birgitte-10.pdf;sommer
breve_Gøye,Birgitte-10.pdf;mett
breve_Gøye,Birgitte-10.pdf;gud
breve_Gøye,Birgitte-10.pdf;hielp
breve_Gøye,Birgitte-10.pdf;till
breve_Gøye,Birgitte-10.pdf;stunder
breve_Gøye,Birgitte-10.pdf;dessligiste
breve_Gøye,Birgitte-10.pdf;at
breve_Gøye,Birgitte-10.pdf;iegh
breve_Gøye,Birgitte-10.pdf;motte
breve_Gøye,Birgitte-10.pdf;faa
breve_Gøye,Birgitte-10.pdf;at
breve_Gøye,Birgitte-10.pdf;wijde
breve_Gøye,Birgitte-10.pdf;huor
breve_Gøye,Birgitte-10.pdf;och
breve_Gøye,Birgitte-10.pdf;naar
breve_Gøye,Birgitte-10.pdf;ieg
breve_Gøye,Birgitte-10.pdf;min
breve_Gøye,Birgitte-10.pdf;pennige
breve_Gøye,Birgitte-10.pdf;skulle
breve_Gøye,Birgitte-10.pdf;anname
breve_Gøye,Birgitte-10.pdf;lade
breve_Gøye,Birgitte-10.pdf;och
breve_Gøye,Birgitte-10.pdf;thw
breve_Gøye,Birgitte-10.pdf;her
breve_Gøye,Birgitte-10.pdf;om
breve_Gøye,Birgitte-10.pdf;will
breve_Gøye,Birgitte-10.pdf;well
breve_Gøye,Birgitte-10.pdf;giøre
breve_Gøye,Birgitte-10.pdf;och
breve_Gøye,Birgitte-10.pdf;skriffue
breve_Gøye,Birgitte-10.pdf;meg
breve_Gøye,Birgitte-10.pdf;han
breve_Gøye,Birgitte-10.pdf;maytt
breve_Gøye,Birgitte-10.pdf;naadigste
breve_Gøye,Birgitte-10.pdf;wilge
breve_Gøye,Birgitte-10.pdf;till
breve_Gøye,Birgitte-10.pdf;s
breve_Gøye,Birgitte-10.pdf;mett
breve_Gøye,Birgitte-10.pdf;thett
breve_Gøye,Birgitte-10.pdf;mit
breve_Gøye,Birgitte-10.pdf;budtt
breve_Gøye,Birgitte-10.pdf;huor
breve_Gøye,Birgitte-10.pdf;epther
breve_Gøye,Birgitte-10.pdf;ieg
breve_Gøye,Birgitte-10.pdf;meg
breve_Gøye,Birgitte-10.pdf;retthe
breve_Gøye,Birgitte-10.pdf;kandt
breve_Gøye,Birgitte-10.pdf;thij
breve_Gøye,Birgitte-10.pdf;ieg
breve_Gøye,Birgitte-10.pdf;wijdt
breve_Gøye,Birgitte-10.pdf;icke
breve_Gøye,Birgitte-10.pdf;raad
breve_Gøye,Birgitte-10.pdf;eller
breve_Gøye,Birgitte-10.pdf;stedt
breve_Gøye,Birgitte-10.pdf;at
breve_Gøye,Birgitte-10.pdf;forsiune
breve_Gøye,Birgitte-10.pdf;mit
breve_Gøye,Birgitte-10.pdf;queg
breve_Gøye,Birgitte-10.pdf;paa
breve_Gøye,Birgitte-10.pdf;vdij
breve_Gøye,Birgitte-10.pdf;saa
breve_Gøye,Birgitte-10.pdf;kort
breve_Gøye,Birgitte-10.pdf;tijd
breve_Gøye,Birgitte-10.pdf;sielff
breve_Gøye,Birgitte-10.pdf;will
breve_Gøye,Birgitte-10.pdf;ieg
breve_Gøye,Birgitte-10.pdf;gierne
breve_Gøye,Birgitte-10.pdf;rømme
breve_Gøye,Birgitte-10.pdf;stedet
breve_Gøye,Birgitte-10.pdf;mett
breve_Gøye,Birgitte-10.pdf;mit
breve_Gøye,Birgitte-10.pdf;boskab
breve_Gøye,Birgitte-10.pdf;och
breve_Gøye,Birgitte-10.pdf;drage
breve_Gøye,Birgitte-10.pdf;till
breve_Gøye,Birgitte-10.pdf;min
breve_Gøye,Birgitte-10.pdf;gaard
breve_Gøye,Birgitte-10.pdf;vdij
breve_Gøye,Birgitte-10.pdf;kjøbenhavn
breve_Gøye,Birgitte-10.pdf;och
breve_Gøye,Birgitte-10.pdf;mett
breve_Gøye,Birgitte-10.pdf;alt
breve_Gøye,Birgitte-10.pdf;andet
breve_Gøye,Birgitte-10.pdf;vnderdanigst
breve_Gøye,Birgitte-10.pdf;retthe
breve_Gøye,Birgitte-10.pdf;meg
breve_Gøye,Birgitte-10.pdf;epther
breve_Gøye,Birgitte-10.pdf;han
breve_Gøye,Birgitte-10.pdf;maytt
breve_Gøye,Birgitte-10.pdf;wilge
breve_Gøye,Birgitte-10.pdf;beder
breve_Gøye,Birgitte-10.pdf;gierne
breve_Gøye,Birgitte-10.pdf;kierre
breve_Gøye,Birgitte-10.pdf;peder
breve_Gøye,Birgitte-10.pdf;dw
breve_Gøye,Birgitte-10.pdf;wilt
breve_Gøye,Birgitte-10.pdf;her
breve_Gøye,Birgitte-10.pdf;vdij
breve_Gøye,Birgitte-10.pdf;giøre
breve_Gøye,Birgitte-10.pdf;som
breve_Gøye,Birgitte-10.pdf;min
breve_Gøye,Birgitte-10.pdf;tro
breve_Gøye,Birgitte-10.pdf;er
breve_Gøye,Birgitte-10.pdf;till
breve_Gøye,Birgitte-10.pdf;deg
breve_Gøye,Birgitte-10.pdf;huess
breve_Gøye,Birgitte-10.pdf;vdij
breve_Gøye,Birgitte-10.pdf;min
breve_Gøye,Birgitte-10.pdf;ringe
breve_Gøye,Birgitte-10.pdf;mact
breve_Gøye,Birgitte-10.pdf;er
breve_Gøye,Birgitte-10.pdf;at
breve_Gøye,Birgitte-10.pdf;giøre
breve_Gøye,Birgitte-10.pdf;thett
breve_Gøye,Birgitte-10.pdf;dw
breve_Gøye,Birgitte-10.pdf;kandt
breve_Gøye,Birgitte-10.pdf;were
breve_Gøye,Birgitte-10.pdf;tientt
breve_Gøye,Birgitte-10.pdf;mett
breve_Gøye,Birgitte-10.pdf;will
breve_Gøye,Birgitte-10.pdf;ieg
breve_Gøye,Birgitte-10.pdf;altiid
breve_Gøye,Birgitte-10.pdf;gantze
breve_Gøye,Birgitte-10.pdf;willig
breve_Gøye,Birgitte-10.pdf;findis
breve_Gøye,Birgitte-10.pdf;giøre
breve_Gøye,Birgitte-10.pdf;well
breve_Gøye,Birgitte-10.pdf;och
breve_Gøye,Birgitte-10.pdf;sijg
breve_Gøye,Birgitte-10.pdf;metthe
breve_Gøye,Birgitte-10.pdf;mange
breve_Gøye,Birgitte-10.pdf;gode
breve_Gøye,Birgitte-10.pdf;netther
breve_Gøye,Birgitte-10.pdf;paa
breve_Gøye,Birgitte-10.pdf;min
breve_Gøye,Birgitte-10.pdf;wegne
breve_Gøye,Birgitte-10.pdf;gud
breve_Gøye,Birgitte-10.pdf;almechtigste
breve_Gøye,Birgitte-10.pdf;befaler
breve_Gøye,Birgitte-10.pdf;iegh
breve_Gøye,Birgitte-10.pdf;deg
breve_Gøye,Birgitte-10.pdf;ex
breve_Gøye,Birgitte-10.pdf;ringkloster
breve_Gøye,Birgitte-10.pdf;den
breve_Gøye,Birgitte-10.pdf;dag
breve_Gøye,Birgitte-10.pdf;aprilis
breve_Gøye,Birgitte-10.pdf;anno
breve_Gøye,Birgitte-10.pdf;b
breve_Gøye,Birgitte-10.pdf;g
breve_Gøye,Birgitte-10.pdf;orig
breve_Gøye,Birgitte-10.pdf;uden
breve_Gøye,Birgitte-10.pdf;omslag
breve_Gøye,Birgitte-10.pdf;i
breve_Gøye,Birgitte-10.pdf;rigsark
breve_Gøye,Birgitte-10.pdf;indkomne
breve_Gøye,Birgitte-10.pdf;breve
breve_Gøye,Birgitte-10.pdf;till
breve_Gøye,Birgitte-10.pdf;danske
breve_Gøye,Birgitte-10.pdf;kancelli
breve_Gøye,Birgitte-10.pdf;og
breve_Gøye,Birgitte-10.pdf;indlæg
breve_Gøye,Birgitte-10.pdf;till
breve_Gøye,Birgitte-10.pdf;registranterne
breve_Gøye,Birgitte-10.pdf;af
breve_Gøye,Birgitte-10.pdf;sider